{"format": "layers-model", "generatedBy": "keras v3.3.3", "convertedBy": "TensorFlow.js Converter v4.20.0", "modelTopology": {"keras_version": "3.3.3", "backend": "tensorflow", "model_config": {"class_name": "Sequential", "config": {"name": "sequential_11", "trainable": true, "dtype": "float32", "layers": [{"class_name": "InputLayer", "config": {"batch_shape": [null, 30, 1662], "dtype": "float32", "sparse": false, "name": "input_layer_11"}}, {"class_name": "LSTM", "config": {"name": "lstm_33", "trainable": true, "dtype": "float32", "return_sequences": true, "return_state": false, "go_backwards": false, "stateful": false, "unroll": false, "zero_output_for_mask": false, "units": 128, "activation": "relu", "recurrent_activation": "sigmoid", "use_bias": true, "kernel_initializer": {"module": "keras.initializers", "class_name": "GlorotUniform", "config": {"seed": null}, "registered_name": null}, "recurrent_initializer": {"module": "keras.initializers", "class_name": "OrthogonalInitializer", "config": {"gain": 1.0, "seed": null}, "registered_name": null}, "bias_initializer": {"module": "keras.initializers", "class_name": "Zeros", "config": {}, "registered_name": null}, "unit_forget_bias": true, "kernel_regularizer": null, "recurrent_regularizer": null, "bias_regularizer": null, "activity_regularizer": null, "kernel_constraint": null, "recurrent_constraint": null, "bias_constraint": null, "dropout": 0.0, "recurrent_dropout": 0.0, "seed": null}}, {"class_name": "BatchNormalization", "config": {"name": "batch_normalization_30", "trainable": true, "dtype": "float32", "axis": -1, "momentum": 0.99, "epsilon": 0.001, "center": true, "scale": true, "beta_initializer": {"module": "keras.initializers", "class_name": "Zeros", "config": {}, "registered_name": null}, "gamma_initializer": {"module": "keras.initializers", "class_name": "Ones", "config": {}, "registered_name": null}, "moving_mean_initializer": {"module": "keras.initializers", "class_name": "Zeros", "config": {}, "registered_name": null}, "moving_variance_initializer": {"module": "keras.initializers", "class_name": "Ones", "config": {}, "registered_name": null}, "beta_regularizer": null, "gamma_regularizer": null, "beta_constraint": null, "gamma_constraint": null, "synchronized": false}}, {"class_name": "Dropout", "config": {"name": "dropout_55", "trainable": true, "dtype": "float32", "rate": 0.4, "seed": null, "noise_shape": null}}, {"class_name": "LSTM", "config": {"name": "lstm_34", "trainable": true, "dtype": "float32", "return_sequences": true, "return_state": false, "go_backwards": false, "stateful": false, "unroll": false, "zero_output_for_mask": false, "units": 128, "activation": "relu", "recurrent_activation": "sigmoid", "use_bias": true, "kernel_initializer": {"module": "keras.initializers", "class_name": "GlorotUniform", "config": {"seed": null}, "registered_name": null}, "recurrent_initializer": {"module": "keras.initializers", "class_name": "OrthogonalInitializer", "config": {"gain": 1.0, "seed": null}, "registered_name": null}, "bias_initializer": {"module": "keras.initializers", "class_name": "Zeros", "config": {}, "registered_name": null}, "unit_forget_bias": true, "kernel_regularizer": null, "recurrent_regularizer": null, "bias_regularizer": null, "activity_regularizer": null, "kernel_constraint": null, "recurrent_constraint": null, "bias_constraint": null, "dropout": 0.0, "recurrent_dropout": 0.0, "seed": null}}, {"class_name": "BatchNormalization", "config": {"name": "batch_normalization_31", "trainable": true, "dtype": "float32", "axis": -1, "momentum": 0.99, "epsilon": 0.001, "center": true, "scale": true, "beta_initializer": {"module": "keras.initializers", "class_name": "Zeros", "config": {}, "registered_name": null}, "gamma_initializer": {"module": "keras.initializers", "class_name": "Ones", "config": {}, "registered_name": null}, "moving_mean_initializer": {"module": "keras.initializers", "class_name": "Zeros", "config": {}, "registered_name": null}, "moving_variance_initializer": {"module": "keras.initializers", "class_name": "Ones", "config": {}, "registered_name": null}, "beta_regularizer": null, "gamma_regularizer": null, "beta_constraint": null, "gamma_constraint": null, "synchronized": false}}, {"class_name": "Dropout", "config": {"name": "dropout_56", "trainable": true, "dtype": "float32", "rate": 0.4, "seed": null, "noise_shape": null}}, {"class_name": "LSTM", "config": {"name": "lstm_35", "trainable": true, "dtype": "float32", "return_sequences": false, "return_state": false, "go_backwards": false, "stateful": false, "unroll": false, "zero_output_for_mask": false, "units": 64, "activation": "relu", "recurrent_activation": "sigmoid", "use_bias": true, "kernel_initializer": {"module": "keras.initializers", "class_name": "GlorotUniform", "config": {"seed": null}, "registered_name": null}, "recurrent_initializer": {"module": "keras.initializers", "class_name": "OrthogonalInitializer", "config": {"gain": 1.0, "seed": null}, "registered_name": null}, "bias_initializer": {"module": "keras.initializers", "class_name": "Zeros", "config": {}, "registered_name": null}, "unit_forget_bias": true, "kernel_regularizer": null, "recurrent_regularizer": null, "bias_regularizer": null, "activity_regularizer": null, "kernel_constraint": null, "recurrent_constraint": null, "bias_constraint": null, "dropout": 0.0, "recurrent_dropout": 0.0, "seed": null}}, {"class_name": "BatchNormalization", "config": {"name": "batch_normalization_32", "trainable": true, "dtype": "float32", "axis": -1, "momentum": 0.99, "epsilon": 0.001, "center": true, "scale": true, "beta_initializer": {"module": "keras.initializers", "class_name": "Zeros", "config": {}, "registered_name": null}, "gamma_initializer": {"module": "keras.initializers", "class_name": "Ones", "config": {}, "registered_name": null}, "moving_mean_initializer": {"module": "keras.initializers", "class_name": "Zeros", "config": {}, "registered_name": null}, "moving_variance_initializer": {"module": "keras.initializers", "class_name": "Ones", "config": {}, "registered_name": null}, "beta_regularizer": null, "gamma_regularizer": null, "beta_constraint": null, "gamma_constraint": null, "synchronized": false}}, {"class_name": "Dropout", "config": {"name": "dropout_57", "trainable": true, "dtype": "float32", "rate": 0.4, "seed": null, "noise_shape": null}}, {"class_name": "Dense", "config": {"name": "dense_33", "trainable": true, "dtype": "float32", "units": 128, "activation": "relu", "use_bias": true, "kernel_initializer": {"module": "keras.initializers", "class_name": "GlorotUniform", "config": {"seed": null}, "registered_name": null}, "bias_initializer": {"module": "keras.initializers", "class_name": "Zeros", "config": {}, "registered_name": null}, "kernel_regularizer": null, "bias_regularizer": null, "kernel_constraint": null, "bias_constraint": null}}, {"class_name": "BatchNormalization", "config": {"name": "batch_normalization_33", "trainable": true, "dtype": "float32", "axis": -1, "momentum": 0.99, "epsilon": 0.001, "center": true, "scale": true, "beta_initializer": {"module": "keras.initializers", "class_name": "Zeros", "config": {}, "registered_name": null}, "gamma_initializer": {"module": "keras.initializers", "class_name": "Ones", "config": {}, "registered_name": null}, "moving_mean_initializer": {"module": "keras.initializers", "class_name": "Zeros", "config": {}, "registered_name": null}, "moving_variance_initializer": {"module": "keras.initializers", "class_name": "Ones", "config": {}, "registered_name": null}, "beta_regularizer": null, "gamma_regularizer": null, "beta_constraint": null, "gamma_constraint": null, "synchronized": false}}, {"class_name": "Dropout", "config": {"name": "dropout_58", "trainable": true, "dtype": "float32", "rate": 0.4, "seed": null, "noise_shape": null}}, {"class_name": "Dense", "config": {"name": "dense_34", "trainable": true, "dtype": "float32", "units": 64, "activation": "relu", "use_bias": true, "kernel_initializer": {"module": "keras.initializers", "class_name": "GlorotUniform", "config": {"seed": null}, "registered_name": null}, "bias_initializer": {"module": "keras.initializers", "class_name": "Zeros", "config": {}, "registered_name": null}, "kernel_regularizer": null, "bias_regularizer": null, "kernel_constraint": null, "bias_constraint": null}}, {"class_name": "BatchNormalization", "config": {"name": "batch_normalization_34", "trainable": true, "dtype": "float32", "axis": -1, "momentum": 0.99, "epsilon": 0.001, "center": true, "scale": true, "beta_initializer": {"module": "keras.initializers", "class_name": "Zeros", "config": {}, "registered_name": null}, "gamma_initializer": {"module": "keras.initializers", "class_name": "Ones", "config": {}, "registered_name": null}, "moving_mean_initializer": {"module": "keras.initializers", "class_name": "Zeros", "config": {}, "registered_name": null}, "moving_variance_initializer": {"module": "keras.initializers", "class_name": "Ones", "config": {}, "registered_name": null}, "beta_regularizer": null, "gamma_regularizer": null, "beta_constraint": null, "gamma_constraint": null, "synchronized": false}}, {"class_name": "Dropout", "config": {"name": "dropout_59", "trainable": true, "dtype": "float32", "rate": 0.4, "seed": null, "noise_shape": null}}, {"class_name": "Dense", "config": {"name": "dense_35", "trainable": true, "dtype": "float32", "units": 16, "activation": "softmax", "use_bias": true, "kernel_initializer": {"module": "keras.initializers", "class_name": "GlorotUniform", "config": {"seed": null}, "registered_name": null}, "bias_initializer": {"module": "keras.initializers", "class_name": "Zeros", "config": {}, "registered_name": null}, "kernel_regularizer": null, "bias_regularizer": null, "kernel_constraint": null, "bias_constraint": null}}], "build_input_shape": [null, 30, 1662]}}, "training_config": {"loss": "categorical_crossentropy", "loss_weights": null, "metrics": ["accuracy"], "weighted_metrics": null, "run_eagerly": false, "steps_per_execution": 1, "jit_compile": true, "optimizer_config": {"class_name": "Nadam", "config": {"name": "nadam", "learning_rate": 9.999999747378752e-05, "weight_decay": null, "clipnorm": null, "global_clipnorm": null, "clipvalue": null, "use_ema": false, "ema_momentum": 0.99, "ema_overwrite_frequency": null, "loss_scale_factor": null, "gradient_accumulation_steps": null, "beta_1": 0.9, "beta_2": 0.999, "epsilon": 1e-07}}}}, "weightsManifest": [{"paths": ["group1-shard1of2.bin", "group1-shard2of2.bin"], "weights": [{"name": "sequential_11/batch_normalization_30/gamma", "shape": [128], "dtype": "float32"}, {"name": "sequential_11/batch_normalization_30/beta", "shape": [128], "dtype": "float32"}, {"name": "sequential_11/batch_normalization_30/moving_mean", "shape": [128], "dtype": "float32"}, {"name": "sequential_11/batch_normalization_30/moving_variance", "shape": [128], "dtype": "float32"}, {"name": "sequential_11/batch_normalization_31/gamma", "shape": [128], "dtype": "float32"}, {"name": "sequential_11/batch_normalization_31/beta", "shape": [128], "dtype": "float32"}, {"name": "sequential_11/batch_normalization_31/moving_mean", "shape": [128], "dtype": "float32"}, {"name": "sequential_11/batch_normalization_31/moving_variance", "shape": [128], "dtype": "float32"}, {"name": "sequential_11/batch_normalization_32/gamma", "shape": [64], "dtype": "float32"}, {"name": "sequential_11/batch_normalization_32/beta", "shape": [64], "dtype": "float32"}, {"name": "sequential_11/batch_normalization_32/moving_mean", "shape": [64], "dtype": "float32"}, {"name": "sequential_11/batch_normalization_32/moving_variance", "shape": [64], "dtype": "float32"}, {"name": "sequential_11/batch_normalization_33/gamma", "shape": [128], "dtype": "float32"}, {"name": "sequential_11/batch_normalization_33/beta", "shape": [128], "dtype": "float32"}, {"name": "sequential_11/batch_normalization_33/moving_mean", "shape": [128], "dtype": "float32"}, {"name": "sequential_11/batch_normalization_33/moving_variance", "shape": [128], "dtype": "float32"}, {"name": "sequential_11/batch_normalization_34/gamma", "shape": [64], "dtype": "float32"}, {"name": "sequential_11/batch_normalization_34/beta", "shape": [64], "dtype": "float32"}, {"name": "sequential_11/batch_normalization_34/moving_mean", "shape": [64], "dtype": "float32"}, {"name": "sequential_11/batch_normalization_34/moving_variance", "shape": [64], "dtype": "float32"}, {"name": "sequential_11/dense_33/kernel", "shape": [64, 128], "dtype": "float32"}, {"name": "sequential_11/dense_33/bias", "shape": [128], "dtype": "float32"}, {"name": "sequential_11/dense_34/kernel", "shape": [128, 64], "dtype": "float32"}, {"name": "sequential_11/dense_34/bias", "shape": [64], "dtype": "float32"}, {"name": "sequential_11/dense_35/kernel", "shape": [64, 16], "dtype": "float32"}, {"name": "sequential_11/dense_35/bias", "shape": [16], "dtype": "float32"}, {"name": "sequential_11/lstm_33/lstm_cell/kernel", "shape": [1662, 512], "dtype": "float32"}, {"name": "sequential_11/lstm_33/lstm_cell/recurrent_kernel", "shape": [128, 512], "dtype": "float32"}, {"name": "sequential_11/lstm_33/lstm_cell/bias", "shape": [512], "dtype": "float32"}, {"name": "sequential_11/lstm_34/lstm_cell/kernel", "shape": [128, 512], "dtype": "float32"}, {"name": "sequential_11/lstm_34/lstm_cell/recurrent_kernel", "shape": [128, 512], "dtype": "float32"}, {"name": "sequential_11/lstm_34/lstm_cell/bias", "shape": [512], "dtype": "float32"}, {"name": "sequential_11/lstm_35/lstm_cell/kernel", "shape": [128, 256], "dtype": "float32"}, {"name": "sequential_11/lstm_35/lstm_cell/recurrent_kernel", "shape": [64, 256], "dtype": "float32"}, {"name": "sequential_11/lstm_35/lstm_cell/bias", "shape": [256], "dtype": "float32"}]}]}